name,aliases,badge,eNumber
aflatoxine,aflatoxine; aflatoxin; Aflatoxines,Carcinogenic,
alcool ethylique,alcool ethylique; ethanol boisson; alcool,Carcinogenic,
Aluminium (colorant),Aluminium (colorant); E173,Carcinogenic,E173
arsenic,arsenic,Carcinogenic,
bacon,bacon; lardons; lardon; pancetta; poitrine fumee; poitrine fumée,Carcinogenic,
benzene,benzene; benzène,Carcinogenic,
bronopol,bronopol,Carcinogenic,
cadmium,cadmium,Carcinogenic,
chorizo,chorizo,Carcinogenic,
Chrome hexavalent (Cr VI),Chrome hexavalent (Cr VI); chrome-vi,Carcinogenic,
coal tar,coal tar; goudron de houille,Carcinogenic,
Colorants azoïques textiles,Colorants azoïques textiles; azo-dyes,Carcinogenic,
diazolidinyl urea,diazolidinyl urea; diazolidinyl urée; diazolidinyl-urea,Carcinogenic,
dmdm hydantoin,dmdm hydantoin; dmdm hydantoïne; dmdm-hydantoin,Carcinogenic,
formaldehyde,formaldehyde; formaldéhyde; formalin; methylene glycol; e240,Carcinogenic,E240
Goudron de houille (coal tar),Goudron de houille (coal tar); coal-tar,Carcinogenic,
"Huile minérale (paraffinum, petrolatum)","Huile minérale (paraffinum, petrolatum); mineral-oil",Carcinogenic,
imidazolidinyl urea,imidazolidinyl urea; imidazolidinyl urée; imidazolidinyl-urea,Carcinogenic,
jambon,"jambon; jambon cuit; jambon cru; jambon sec; jambon de paris; ham; cured ham; cooked ham; prosciutto; serrano; courgette; zucchini; courgettes; courge; squash; butternut; potiron; pumpkin; citrouille; pâtisson; patisson; concombre; cucumber; cornichon; pickle; gherkin; aubergine; eggplant; brinjal; poivron; pepper; bell pepper; piment; chili; chile; jalapeno; jalapeño; habanero; poblano; piment d\; , ; , ; salade; laitue; lettuce; roquette; arugula; rocket; mache; mâche; cresson; watercress; endive; chicoree; chicorée; frisée; scarole; romaine; iceberg; pousses d\; millet; millet brun; sorgho; sorghum; teff; amarante; amaranth; fonio; kamut; khorasan; seigle; rye; farine de seigle; son d\; epeautre; flocons de sarrasin; brie; camembert; roquefort; comté; comte; gruyere; gruyère; emmental; reblochon; munster; morbier; tomme; tomme de savoie; cantal; saint-nectaire; beaufort; mimolette; maroilles; bleu; bleu d\; ambert; epoisses; époisses; crottin; chevre frais; chèvre frais; goat cheese; sainte-maure; valençay; banon; gouda; edam; maasdam; beaufort; tete de moine; tête de moine; lait d\; avoine; oat milk; lait de soja; soy milk; lait de riz; rice milk; lait de noisette; hazelnut milk; lait de coco; coconut milk; boisson vegetale; boisson végétale; plant milk; noix du bresil; noix du brésil; brazil nut; noix de pecan; noix de pécan; pecan; noix de macadamia; macadamia; pignon de pin; pine nut; pinenut; noix de pili; pili nut; chataigne; châtaigne; marron; chestnut; arachide; cacahuete; cacahuète; peanut; peanuts; beurre de cacahuete; beurre de cacahuète; peanut butter; beurre d\; cardamome; cardamom; clou de girofle; clove; cloves; noix de muscade; nutmeg; macis; mace; anis; anise; anis etoile; anis étoilé; star anise; badiane; fenugrec; fenugreek; safran; saffron; sumac; zaatar; za\; moutarde; mustard; moutarde de dijon; dijon mustard; moutarde a l\; huître; oyster sauce; sauce hoisin; hoisin; miso; pate miso; pâte miso; pate de soja fermente; natto; tempeh; harissa; sambal; sambal oelek; sriracha maison; gochujang; doubanjiang; pâte de piment; chili paste; pâte de curry; curry paste; pesto; tapenade; pâte d\; anchois; anchovy paste; pâte de tomate; concentré de tomate; eau de source; spring water; eau filtree; eau filtrée; tisane; infusion; herbal tea; thé blanc; white tea; thé oolong; oolong; thé pu-erh; pu-erh; matcha; thé matcha; maté; mate; yerba mate; yerba maté; hibiscus; karkadé; camomille; chamomile; verveine citronnelle; menthe poivrée infusion; rooibos vanille; chicory; spiruline en poudre; chlorella; klamath; maca; poudre de maca; ashwagandha; reishi; cordyceps; lion\; huile de chanvre; hemp oil; huile de pepins de courge; pumpkin seed oil; huile de germe de blé; wheat germ oil; huile d\; 고추장; pate de piment fermentee coreenne; pâte de piment fermentée coréenne; fermented chili paste",Carcinogenic,
jerky,jerky; beef jerky; boeuf seche; bœuf séché,Carcinogenic,
Mélamine,Mélamine; melamine,Carcinogenic,
Mercure / Thimérosal,Mercure / Thimérosal; mercury-thimerosal,Carcinogenic,
mortadelle,mortadelle; mortadella,Carcinogenic,
nitrate de potassium,nitrate de potassium; potassium nitrate; e252,Carcinogenic,E252
nitrite de potassium,nitrite de potassium; potassium nitrite; e249,Carcinogenic,E249
nitrosamine,nitrosamine; nitrosamines,Carcinogenic,
paraffinum liquidum,paraffinum liquidum; petrolatum; mineral oil; huile minérale; huiles minérales; mineral oils,Carcinogenic,
pastrami,pastrami; corned beef; viande des grisons; bresaola,Carcinogenic,
PFAS / PFC dans textiles,PFAS / PFC dans textiles; pfas-textile,Carcinogenic,
Plomb (acétate de plomb),Plomb (acétate de plomb); lead-acetate,Carcinogenic,
ptfe,ptfe; perfluoro; polyfluoro; pfas; teflon; PFAS / Polluants éternels,Carcinogenic,
quaternium-15,quaternium-15; quaternium 15,Carcinogenic,
salami,salami; salamis,Carcinogenic,
saucisse,saucisse; saucisses; sausage; sausages; merguez; chipolata; hot dog; hot dogs; hotdog; frankfurter; wiener,Carcinogenic,
saucisson,saucisson; saucisson sec; dry sausage; cured sausage,Carcinogenic,
viande transformee,viande transformee; viande transformée; processed meat; charcuterie industrielle; charcuterie,Carcinogenic,
acide borique,acide borique; boric acid; e284,Ultra toxic,E284
azodicarbonamide,azodicarbonamide; azodicarbonamide ada; e927a; 아조디카본아미드; E927,Ultra toxic,E927
bha,bha; butylhydroxyanisole; butylated hydroxyanisole; hydroxyanisole butyle; hydroxyanisole butylé; e320; 부틸히드록시아니솔; BHA (Butylhydroxyanisole),Ultra toxic,E320
bromate de potassium,bromate de potassium; potassium bromate; bromate; e924; 브롬산칼륨,Ultra toxic,E924
dioxyde de titane,dioxyde de titane; titanium dioxide; e171; 이산화티타늄; 이산화티탄,Ultra toxic,E171
huile vegetale bromee,huile vegetale bromee; huile végétale bromée; brominated vegetable oil; bvo; 브롬화식물성유; 브롬화 식물성유,Ultra toxic,
hydroquinone,hydroquinone,Ultra toxic,
mercure,mercure; mercury; thimerosal,Ultra toxic,
nitrite de sodium,nitrite de sodium; sodium nitrite; nitrate de sodium; sodium nitrate; e250; e251; 아질산나트륨; 질산나트륨,Ultra toxic,E250
plomb,plomb; lead acetate,Ultra toxic,
ppd,ppd; para-phenylenediamine; p-phenylenediamine; PPD (P-Phénylènediamine),Ultra toxic,
propylparaben,propylparaben; propylparabène; propylparabene; propyl paraben; e216; 프로필파라벤; parabene; paraben; methylparaben; ethylparaben; butylparaben; méthylparaben,Ultra toxic,E216
rouge 3,rouge 3; red 3; red no. 3; red no 3; fd&c red 3; fd c red 3; erythrosine; érythrosine; erythrosin; e127; 에리트로신; 적색 3호; 적색3호; fd&c red no. 3; Érythrosine / Red 3,Ultra toxic,E127
rouge 40,rouge 40; red 40; allura red; rouge allura; fd&c red 40; fd c red 40; rouge #40; red #40; e129; 적색 40호; 적색40호; 알루라레드; 알루라 레드; fd&c couleur rouge 40; fd&c couleur rouge #40; Rouge allura / Red 40,Ultra toxic,E129
sulfate de cuivre,sulfate de cuivre; copper sulfate; e519,Ultra toxic,E519
tetraborate de sodium,tetraborate de sodium; tétraborate de sodium; borax; sodium tetraborate; e285,Ultra toxic,E285
"1,4-Dioxane","1,4-Dioxane; 1-4-dioxane",Processed,
2-Butoxyéthanol,2-Butoxyéthanol; 2-butoxyethanol,Processed,
acesulfame,acesulfame; acesulfame k; acesulfame potassium; e950,Processed,E950
acide glutamique,acide glutamique; glutamic acid; e620,Processed,E620
acides gras,acides gras; fatty acids; e570,Processed,E570
acrylamide,acrylamide,Processed,
Alkylphénols éthoxylés (APEO),Alkylphénols éthoxylés (APEO); apeo,Processed,
Aluminium chlorohydrate (déodorants),Aluminium chlorohydrate (déodorants); aluminium-deodorant,Processed,
amidon hydroxypropyl,amidon hydroxypropyl; hydroxypropyl starch; hydroxypropyl distarch phosphate; e1450,Processed,E1450
amidon modifie,amidon modifie; amidon modifié; modified starch; fécule modifiée; fecula modifiee; modified cornstarch; modified corn starch; modified wheat starch; modified rice starch; modified tapioca starch; corn starch modified; amidon de mais oxyde; oxidized starch; e1404,Processed,E1404
annatto,"annatto; rocou; extrait d\; , ; phosphate aluminium sodium; sodium aluminum phosphate; phosphate acide d\; épices; extraits d\; épices; spice extract; spice extracts; oleoresins; sulfate d\; phosphate d\; bicarbonate d ammonium; bicarbonate d\; sirop d\; agave; alginate d\; egcg; catechine; catéchine; catechines; catéchines; catechin; catechins; epigallocatechine; épigallocatéchine; epigallocatechin; epigallocatechin gallate; gallate d\; sulfate de magnesium; sulfate de magnésium; magnesium sulfate; sel d\; saumon d\; élevage; farmed salmon; saumon atlantique d\; élevage; farmed atlantic salmon; saumon norvegien; saumon norvégien; norwegian salmon; saumon ecossais; saumon écossais; scottish salmon; saumon aquaculture; aquaculture; melasse de malt; mélasse de malt; malt molasses; extrait de malt; extrait de malt d\; orge germe; malt d\; sel; salt; sel marin; sel de mer; sea salt; fleur de sel; sel iode; sel iodé; iodized salt; iodised salt; sel iodé fin; sel de table; table salt; sel fin; fine salt; sel rose; pink salt; sel de l\; himalaya; sel himalayen; himalayan salt; himalayan pink salt; sel gemme; rock salt; sel casher; kosher salt; sel gris; grey salt; gray salt; sel de guérande; sel de guerande; sel de cuisine; cooking salt; sel non iodé; sel non iode; non-iodized salt; chlorure de sodium; sodium chloride; huile d\; olive extra vierge; extra virgin olive oil; olive oil; blanc d\; œuf; blancs d\; œufs; egg white; egg whites; albumen; albumine d\; oeuf en poudre; oignon déshydraté; oignon vert déshydraté; dried onion; poudre d\; ail; garlic; oignon; onion; echalote; échalote; shallot; spices; herbes; herbs; fines herbes; assaisonnement; assaisonnements; seasoning; seasonings; melange d epices; mélange d\; érable; maple syrup; sucre d\; erable deshydrate; sirop erable deshydrate; sirop érable déshydraté; dehydrated maple syrup; maple syrup powder; herbes de provence; bouquet garni; persillade; gremolata; chimichurri; Annatto / Rocou; E160",Processed,E160
argent,argent; silver; e174,Processed,E174
arome artificiel,arome artificiel; arôme artificiel; artificial flavor; artificial flavour; artificial flavors; artificial flavours; saveur artificielle; saveurs artificielles; aromes artificiels; arômes artificiels; artificial-flavor,Processed,
arome naturel,arome naturel; arôme naturel; aromes naturels; arômes naturels; natural flavor; natural flavour; natural flavors; natural flavours; arome; arôme; aromes; arômes; flavour; flavor; flavouring; flavoring; natural-flavor,Processed,
aspartame,aspartame; e951,Processed,E951
azorubine,azorubine; carmoisine; rouge azo; e122; Azorubine / Carmoisine,Processed,E122
bleu 1,bleu 1; blue 1; bleu brillant; bleu brillant fcf; brilliant blue; brilliant blue fcf; fd&c blue 1; fd c blue 1; fcf; e133; Bleu brillant / Blue 1,Processed,E133
bleu 2,bleu 2; blue 2; indigotine; indigo carmine; fd&c blue 2; e132; Indigotine / Blue 2,Processed,E132
BPA (Bisphénol A),BPA (Bisphénol A); bpa,Processed,
butane,butane; isobutane; propane; e943a; e943b,Processed,E943
caramel ammoniacal sulfite,caramel ammoniacal sulfite; sulfite ammonia caramel; caramel iv; e150d; caramel ammoniacal; caramel iii; e150c; caramel sulfite caustique; caustic sulfite caramel; caramel ii; e150b; colorant caramel; caramel colour; caramel color; colour caramel; Caramel ammoniaqué sulfite (Caramel IV); E150; Caramel ammoniaqué (III); Caramel de sulfite caustique; caramel-colour; Caramel ordinaire (E150a),Processed,E150
carraghenane,carraghenane; carrageenan; carraghénane; e407; Carraghénane / Carraghénine,Processed,E407
carraghenane degrade,carraghenane degrade; carraghénane dégradé; degraded carrageenan; poligeenan; poligéenane,Processed,
caseinate,caseinate; caseinate de sodium; caséinate; sodium-caseinate,Processed,
charbon vegetal,charbon vegetal; charbon végétal; vegetable carbon; e153,Processed,E153
cire de carnauba,cire de carnauba; carnauba wax; e903,Processed,E903
cmc,cmc; carboxymethylcellulose; e466; CMC / Carboxyméthylcellulose,Processed,E466
concentre de fruits,concentre de fruits; concentré de fruits; concentres de fruits; concentrés de fruits; fruit concentrate; fruit concentrates; concentre de legumes; concentré de légumes; concentres de legumes; concentrés de légumes; vegetable concentrate; vegetable concentrates; concentres de fruits et legumes; concentrés de fruits et légumes,Processed,
cyanocobalamine,cyanocobalamine; cyanocobalamin; vitamine b12; vitamin b12; b12,Processed,
cyclamate,cyclamate; e952,Processed,E952
Cyclopentasiloxane D5,Cyclopentasiloxane D5; cyclosiloxane-d5,Processed,
cyclosiloxane,cyclosiloxane; cyclomethicone; cyclopentasiloxane,Processed,
Cyclotétrasiloxane D4,Cyclotétrasiloxane D4; cyclosiloxane-d4,Processed,
DEA (Diéthanolamine),DEA (Diéthanolamine); dea,Processed,
defatted soy flour,defatted soy flour; soy flour defatted; farine de soja dégraissée,Processed,
dextrine,dextrine,Processed,
dextrose,dextrose,Processed,
Diméthylformamide (DMF),Diméthylformamide (DMF); dmf,Processed,
Eau de Javel (hypochlorite),Eau de Javel (hypochlorite); chlorine-bleach,Processed,
edta,edta; ethylenediaminetetraacetate; éthylènediaminetétraacétate; edta calcium disodique; calcium disodium edta; e385,Processed,E385
fromage fondu,fromage fondu; fromage fondus; fromages fondus; processed cheese; cheese product; fromage transforme; fromage transformé; preparation fromagere; préparation fromagère,Processed,
fructose,fructose,Processed,
fumee naturelle,fumee naturelle; fumée naturelle; natural smoke; fumee; fumée; smoke flavor; smoke flavoring; arome de fumee; arôme de fumée,Processed,
glucose,glucose; glucose ajoute; glucose ajouté; added glucose; dextrose glucose,Processed,
glyphosate,glyphosate,Processed,
graisse interesterifiee,graisse interesterifiee; interesterified; graisse interestérifiée,Processed,
gras trans,gras trans; trans fat; acides gras trans,Processed,
hijiki,hijiki,Processed,
huile de coco modifiee,huile de coco modifiee; huile de coco modifiée; modified coconut oil; huile de noix de coco modifiee; huile de noix de coco modifiée; modified coconut fat; matiere grasse de coco modifiee; matière grasse de coco modifiée; huile de coco hydrogenee; huile de coco hydrogénée; hydrogenated coconut oil; huile de coco fractionnee; huile de coco fractionnée; fractionated coconut oil; huile de coco interesterifiee; huile de coco interestérifiée,Processed,
huile de colza,huile de colza; canola oil; rapeseed oil; huile de canola,Processed,
huile de coton,huile de coton; cottonseed oil; cottonseed-oil,Processed,
huile de mais,huile de mais; corn oil; huile de maïs; corn-oil,Processed,
huile de palme,huile de palme; palm oil; graisse de palme; graisses de palme; huile de palme raffinee; huile de palme raffinée; refined palm oil; palm fruit oil; huile de palmiste; palm kernel oil; oleine de palme; oléine de palme; palm olein; palmolein; stearine de palme; stéarine de palme; palm stearin; matiere grasse de palme; matière grasse de palme; palm fat; palm shortening; shortening de palme; graisse de palmiste; palm kernel fat; huile de palme bio; organic palm oil; huile de palme durable; sustainable palm oil; huile de palme certifiee; certified palm oil; palm-oil,Processed,
huile de soja,huile de soja; soybean oil; soy oil; soybean-oil,Processed,
huile de tournesol,huile de tournesol; sunflower oil; huile de tournesol raffinee; huile de tournesol à haute teneur en acide oléique; high oleic sunflower oil; sunflower-oil,Processed,
Huile hydrogénée / Gras trans,Huile hydrogénée / Gras trans; hydrogenated-oil,Processed,
huile vegetale,huile vegetale; vegetable oil; huiles vegetales; corps gras vegetaux; huile végétale; graisses vegetales; graisses végétales; matiere grasse vegetale; matière grasse végétale,Processed,
hydrogenated,hydrogenated; hydrogene; partiellement hydrogene; huile hydrogénée; graisse hydrogénée,Processed,
hydroxyde de calcium,hydroxyde de calcium; calcium hydroxide; chaux; e526,Processed,E526
hydroxyde de potassium,hydroxyde de potassium; potassium hydroxide; e525,Processed,E525
hydroxyde de sodium,hydroxyde de sodium; sodium hydroxide; soude caustique; e524,Processed,E524
imitation mozzarella,imitation mozzarella; imitation cheese; fromage imitation; rehydrated mozzarella; rehydrated cheese,Processed,
inositol,inositol; myo-inositol; myo inositol; inositole,Processed,
isolat de proteines,isolat de proteines; protein isolate; soy protein isolate; milk protein concentrate; pea protein isolate; isolat de protéines; proteine de soya texturee; protéine de soya texturée; textured soy protein; soja texturé; tsp; tvp,Processed,
"Isothiazolinones (MIT, CMIT)","Isothiazolinones (MIT, CMIT); mit-cmit",Processed,
jaune 6,jaune 6; yellow 6; sunset yellow; jaune orange s; fd&c yellow 6; e110; Jaune orangé S / Yellow 6,Processed,E110
jaune de quinoléine,jaune de quinoléine; jaune quinoléine; quinoline yellow; quinoléine yellow; e104,Processed,E104
maltodextrine,maltodextrine; maltodextrin,Processed,
modified whey,modified whey; whey modified; lactosérum modifié,Processed,
msg,msg; glutamate monosodique; monosodium glutamate; 글루타민산나트륨; l-글루타민산나트륨; 엘글루타민산나트륨; 엠에스지; 미원; e621; Glutamate monosodique (MSG),Processed,E621
niacinamide,niacinamide; nicotinamide; vitamine b3; vitamin b3; niacine; niacin; vitamine pp,Processed,
Nonylphénols éthoxylés (NPE),Nonylphénols éthoxylés (NPE); npe,Processed,
octinoxate,octinoxate; homosalate; octisalate,Processed,
orange b,orange b; orange-b,Processed,
oxybenzone,oxybenzone; benzophenone-3; benzophenone 3; Oxybenzone (Benzophenone-3),Processed,
pantothenate de calcium,pantothenate de calcium; pantothénate de calcium; calcium pantothenate; d-pantothenate de calcium; d-pantothénate de calcium; vitamine b5; vitamin b5,Processed,
"Parabènes (méthyl, éthyl, propyl, butyl)","Parabènes (méthyl, éthyl, propyl, butyl); parabens",Processed,
pepperoni,pepperoni; pepperonis,Processed,
Perchloréthylène,Perchloréthylène; perchloroethylene,Processed,
pgpr,pgpr; polyglycerol polyricinoleate; e476; PGPR (Polyglycerol polyricinoleate),Processed,E476
phenoxyethanol,phenoxyethanol; phénoxyéthanol,Processed,
phosphate de diamidon,phosphate de diamidon; distarch phosphate; e1412,Processed,E1412
phosphate de diamidon acetyle,phosphate de diamidon acetyle; acetylated distarch phosphate; amidon modifié acétylé; fécule de pomme de terre modifiée; fecule de pomme de terre modifiee; modified potato starch; fécule modifiée de pomme de terre; e1422,Processed,E1422
phtalate,phtalate; phthalate; dbp; dehp; dep,Processed,
Phtalate DBP,Phtalate DBP; phthalate-dbp,Processed,
Phtalate DEHP,Phtalate DEHP; phthalate-dehp,Processed,
Phtalates (parfums),Phtalates (parfums); phthalates-fragrance,Processed,
polysorbate 20,polysorbate 20; e432,Processed,E432
polysorbate 40,polysorbate 40; e434,Processed,E434
polysorbate 60,polysorbate 60; e435,Processed,E435
polysorbate 65,polysorbate 65; e436,Processed,E436
polysorbate 80,polysorbate 80; polysorbate80; e433,Processed,E433
ponceau 4r,ponceau 4r; rouge cochenille a; e124; Rouge cochenille A / Ponceau 4R,Processed,E124
proteine de soja,proteine de soja; protéine de soja; soy protein; proteines de soja; protéines de soja,Processed,
proteines hydrolysees,proteines hydrolysees; hydrolyzed protein; hydrolyse; hydrolyzed; protéines hydrolysées; hydrolyzed-protein,Processed,
pyridoxine chlorhydrate,pyridoxine chlorhydrate; chlorhydrate de pyridoxine; pyridoxine hydrochloride; pyridoxine hcl; hcl de pyridoxine; vitamine b6; vitamin b6,Processed,
saccharine,saccharine; saccharin; e954,Processed,E954
silicate alumino-calcique,silicate alumino-calcique; calcium aluminosilicate; silicate aluminium; aluminum silicate; e556; Silicate aluminium calcium,Processed,E556
silicate alumino-potassique,silicate alumino-potassique; potassium aluminosilicate; e555; Silicate aluminium potassium,Processed,E555
silicate alumino-sodique,silicate alumino-sodique; sodium aluminosilicate; e554; Silicate aluminium sodium,Processed,E554
silicate de sodium,silicate de sodium; sodium silicate; e550,Processed,E550
silice,silice; silica; silicon dioxide; gel de silice; silica gel; dioxyde de silicium; e551,Processed,E551
sirop de glucose,sirop de glucose; glucose syrup; glucose-sirop; sirop de maïs; corn syrup; glucose-syrup; corn-syrup,Processed,
sirop de glucose-fructose,sirop de glucose-fructose; glucose-fructose syrup; hfcs; high fructose corn syrup; sirop de glucose fructose; sirop de maïs à haute teneur en fructose; sirop de mais haute fructose; Sirop de glucose-fructose / HFCS,Processed,
substances laitieres modifiees,substances laitieres modifiees; substances laitières modifiées; modified milk ingredients; ingredients laitiers modifies; ingrédients laitiers modifiés,Processed,
sucralose,sucralose; e955,Processed,E955
sucre,sucre; sugar; saccharose; sucrose; sucre blanc; white sugar; sucre raffiné; sucre raffine; refined sugar,Processed,
sucre inverti,sucre inverti; invert sugar; inverted sugar; sucre invert; invert cane sugar; sucre de canne inverti; sirop de canne inverti; invert cane syrup; inverti sucre; sirop inverti; invert syrup,Processed,
sucres,sucres; sugars,Processed,
tapioca dextrin,tapioca dextrin; dextrine de tapioca; tapioca dextrine,Processed,
tartrazine,tartrazine; jaune 5; yellow 5; fd&c yellow 5; e102; Tartrazine / Yellow 5,Processed,E102
tbhq,tbhq; tert-butylhydroquinone; tertiary butylhydroquinone; tertiary-butylhydroquinone; mono-tert-butylhydroquinone; butylhydroquinone; e319; TBHQ (Tert-butylhydroquinone),Processed,E319
triclosan,triclosan; irgasan,Processed,
vert 3,vert 3; green 3; e143; Vert solide FCF / Green 3,Processed,E143
vinaigre en poudre,vinaigre en poudre; powdered vinegar; vinegar powder; poudre de vinaigre,Processed,
Acétaldéhyde,Acétaldéhyde; acetaldehyde,Occasional,
Acide benzoïque,Acide benzoïque; E210,Occasional,E210
Acide citrique industriel,Acide citrique industriel; citric-acid-industrial,Occasional,
acide guanylique,acide guanylique; guanylic acid; e626,Occasional,E626
acide inosinique,acide inosinique; inosinic acid; e630,Occasional,E630
acide lactique,acide lactique; lactic acid; e270,Occasional,E270
acide malique,acide malique; malic acid; e296,Occasional,E296
acide succinique,acide succinique; succinic acid; e363,Occasional,E363
alginate,alginate; alginate de sodium; sodium alginate; e401,Occasional,E401
alginate de calcium,alginate de calcium; calcium alginate; e404,Occasional,E404
alginate de potassium,alginate de potassium; potassium alginate; e402,Occasional,E402
"Aluminium (casseroles, papier)","Aluminium (casseroles, papier); aluminum-cookware",Occasional,
aluminum chlorohydrate,aluminum chlorohydrate; aluminium zirconium; chlorhydrate d\,Occasional,
amidon,amidon; starch,Occasional,
amidon de ble,amidon de ble; amidon de blé; wheat starch; fécule de pomme de terre; potato starch; farine de riz; rice flour; amidon de riz; rice starch; amidon de pomme de terre,Occasional,
Ammoniac,Ammoniac; ammonia,Occasional,
anthocyanes,anthocyanes; anthocyanins; e163,Occasional,E163
Antimoine,Antimoine; antimony,Occasional,
arome bio,arome bio; arôme bio; aromes bio; arômes bio; arome naturel bio; arôme naturel bio; aromes naturels bio; arômes naturels bio; organic flavor; organic flavors; organic flavour; organic flavours; organic natural flavor; organic natural flavors; organic flavoring; organic flavouring,Occasional,
benzoate de potassium,benzoate de potassium; potassium benzoate; e212,Occasional,E212
bht,bht; butylhydroxytoluene; e321; BHT (Butylhydroxytoluène),Occasional,E321
bisulfite de calcium,bisulfite de calcium; calcium bisulphite; calcium bisulfite; e227,Occasional,E227
bisulfite de potassium,bisulfite de potassium; potassium bisulphite; potassium bisulfite; e228,Occasional,E228
bisulfite de sodium,bisulfite de sodium; sodium bisulphite; sodium bisulfite; e222,Occasional,E222
bouillon,bouillon; broth; bouillon de porc; bouillon de poulet; bouillon de boeuf; bouillon de bœuf; bouillon de legumes; bouillon de légumes; chicken broth; pork broth; beef broth; vegetable broth; bouillon compose; bouillon composé,Occasional,
carbonate de sodium,carbonate de sodium; sodium carbonate; e500,Occasional,E500
cheddar deshydrate,cheddar deshydrate; cheddar déshydraté; dehydrated cheddar; dried cheese; poudre de fromage; cheese powder,Occasional,
chlorophylle,chlorophylle; chlorophylles; chlorophyll; chlorophyllines; e140; e141,Occasional,E140
chlorure de potassium,chlorure de potassium; potassium chloride; e508,Occasional,E508
citrate de potassium,citrate de potassium; potassium citrate; e332,Occasional,E332
citrate de sodium,citrate de sodium; sodium citrate; e331,Occasional,E331
citrate triammonique,citrate triammonique; triammonium citrate; e380,Occasional,E380
cochenille,cochenille; carmine; carmin; cochineal; 코치닐추출색소; 코치닐; 카민; e120; Cochenille / Carmin,Occasional,E120
d-alpha tocopherol,d-alpha tocopherol; d-alpha-tocopherol; d alpha tocopherol; d-alpha tocophérol; d-alpha-tocophérol; d alpha tocophérol; rrr-alpha-tocopherol; rrr alpha tocopherol; rrr-alpha tocopherol; rrr-alpha-tocophérol; rrr alpha tocophérol; d-alpha-tocophéryl; d-alpha tocopheryl; d-alpha-tocopheryl; alpha-tocopherol; alpha tocopherol; alpha-tocophérol; tocopherol; tocopherols; tocophérol; tocophérols; mixed tocopherols; tocophérols mélangés; vitamine e; vitamin e; e307,Occasional,E307
dioxyde de soufre,dioxyde de soufre; sulfur dioxide; sulfite; sulphite; e220,Occasional,E220
diphosphate,diphosphate; e450; Diphosphates,Occasional,E450
emulsifiant,emulsifiant; emulsifiants; émulsifiant; émulsifiants; emulsifier; emulsifiers; e471; mono et diglycerides; monoglycerides; diglycerides; mono- et diglycérides; monodiglycérides; mono and diglycerides; mono- and diglycerides; Mono- et diglycérides E471,Occasional,E471
erythorbate de sodium,erythorbate de sodium; érythorbate de sodium; sodium erythorbate; e316,Occasional,E316
extrait de levure,extrait de levure; yeast extract; extraits de levure; yeast-extract,Occasional,
farine de ble enrichie,farine de ble enrichie; farine de blé enrichie; enriched wheat flour; farine enrichie; enriched flour,Occasional,
fécule de maïs,fécule de maïs; fecule de mais; cornstarch; corn starch; amidon de mais; amidon de maïs; farine de mais; farine de maïs,Occasional,
ferrocyanure de sodium,ferrocyanure de sodium; sodium ferrocyanide; e535,Occasional,E535
fragrance,fragrance; parfum; Fragrance / Parfum,Occasional,
fromage allege,fromage allege; fromage allégé; fromage faible en gras; fromage maigre; reduced fat cheese; low fat cheese; light cheese; mozzarella allegee; mozzarella allégée; mozzarella allege; mozzarella allégé; mozzarella a teneur reduite; mozzarella à teneur réduite; reduced fat mozzarella; part skim mozzarella,Occasional,
Fructose ajouté,Fructose ajouté; fructose-added,Occasional,
gelatine,gelatine; gélatine; gelatin,Occasional,
glucono-delta-lactone,glucono-delta-lactone; gdl; glucono delta lactone; e575,Occasional,E575
Glycérol / Glycérine,Glycérol / Glycérine; E422,Occasional,E422
glycine,glycine; sel de sodium de la glycine; glycine sodium salt; e640,Occasional,E640
gomme de caroube,gomme de caroube; carob gum; e410,Occasional,E410
gomme gellane,gomme gellane; gellan gum; e418,Occasional,E418
gomme guar,gomme guar; gomme de guar; guar gum; e412,Occasional,E412
Gomme karaya,Gomme karaya; E416,Occasional,E416
gomme konjac,gomme konjac; konjac gum; e425,Occasional,E425
gomme tara,gomme tara; tara gum; e417,Occasional,E417
gomme xanthane,gomme xanthane; xanthan gum; xanthan; e415,Occasional,E415
guanylate de calcium,guanylate de calcium; calcium guanylate; e629,Occasional,E629
guanylate dipotassique,guanylate dipotassique; dipotassium guanylate; e628,Occasional,E628
guanylate disodique,guanylate disodique; disodium guanylate; e627,Occasional,E627
Huile de canola / colza raffinée,Huile de canola / colza raffinée; canola-oil,Occasional,
huile de pepin de raisin,huile de pepin de raisin; grapeseed oil; pépins de raisin; grapeseed-oil,Occasional,
Huile végétale (non spécifiée),Huile végétale (non spécifiée); vegetable-oil,Occasional,
Hydroxypropyl cellulose,Hydroxypropyl cellulose; E463,Occasional,E463
Hydroxypropyl méthylcellulose,Hydroxypropyl méthylcellulose; E464,Occasional,E464
inosinate de calcium,inosinate de calcium; calcium inosinate; e633,Occasional,E633
inosinate dipotassique,inosinate dipotassique; dipotassium inosinate; e632,Occasional,E632
inosinate disodique,inosinate disodique; disodium inosinate; e631,Occasional,E631
"Isolat de protéines (whey, soja, lait)","Isolat de protéines (whey, soja, lait); protein-isolate",Occasional,
jus concentre,jus concentre; jus concentré; fruit juice concentrate; concentrated fruit juice,Occasional,
jus de pommes concentre,jus de pommes concentre; jus de pommes concentré; concentrated apple juice,Occasional,
jus de raisin concentre,jus de raisin concentre; jus de raisin concentré; concentrated grape juice; raisin concentré,Occasional,
lait en poudre,lait en poudre; milk powder; lait écrémé en poudre; lait ecreme en poudre; skimmed milk powder; poudre de lait; lait entier en poudre; whole milk powder,Occasional,
lecithine de soja,lecithine de soja; soy lecithin; lécithine de soja; lecithin; lécithine; lecithine de tournesol; sunflower lecithin; lécithine de tournesol; E322,Occasional,E322
Mélamine (vaisselle),Mélamine (vaisselle); melamine-cookware,Occasional,
metabisulfite de potassium,metabisulfite de potassium; potassium metabisulphite; potassium metabisulfite; e224,Occasional,E224
metabisulfite de sodium,metabisulfite de sodium; sodium metabisulphite; sodium metabisulfite; e223,Occasional,E223
Méthyl éthyl cellulose,Méthyl éthyl cellulose; E465,Occasional,E465
Mica contaminé,Mica contaminé; mica-contaminated,Occasional,
Microplastiques / Microbilles,Microplastiques / Microbilles; microplastics,Occasional,
Noir de carbone,Noir de carbone; carbon-black,Occasional,
or,or; gold; e175,Occasional,E175
pain blanc,pain blanc; white bread; pain de mie; sandwich bread; pain de mie industriel; pain industriel; pain hamburger; pain a hot dog; pain a hot-dog; hot dog bun; burger bun; pain brioche industriel,Occasional,
peg-,peg-; sles; sodium laureth sulfate; SLES (Sodium Laureth Sulfate),Occasional,
PFOA / PTFE (Teflon),PFOA / PTFE (Teflon); pfoa-ptfe,Occasional,
phosphate de calcium,phosphate de calcium; calcium phosphate; e341,Occasional,E341
phosphate de potassium,phosphate de potassium; potassium phosphate; e340,Occasional,E340
phosphate de sodium,phosphate de sodium; sodium phosphate; e339,Occasional,E339
Phosphates (détergents),Phosphates (détergents); phosphates-detergent,Occasional,
Phtalate DEP,Phtalate DEP; phthalate-dep,Occasional,
Polycarbonate (plastique #7),Polycarbonate (plastique #7); polycarbonate-7,Occasional,
polyphosphate,polyphosphate; e452; Polyphosphates,Occasional,E452
Polystyrène (plastique #6),Polystyrène (plastique #6); polystyrene-6,Occasional,
poudre a lever,poudre a lever; poudres a lever; poudres à lever; baking powder; levure chimique; raising agents; raising agent; agent levant; agents levants; leavening; leavening agent; leavening agents; leavening agent(s),Occasional,
propionate de calcium,propionate de calcium; calcium propionate; e282,Occasional,E282
Propylène glycol,Propylène glycol; propylene-glycol,Occasional,
proteine de feve,proteine de feve; protéine de fève; proteines de feve; protéines de fève; proteine de feverole; protéine de féverole; fava bean protein; faba bean protein; broad bean protein,Occasional,
proteine de pois,proteine de pois; protéine de pois; proteines de pois; protéines de pois; pea protein; poudre de pois; farine de pois,Occasional,
PVC (plastique #3),PVC (plastique #3); pvc-3,Occasional,
rebaudioside m,rebaudioside m; rébaudioside m; reb m; reb-m; rebm; fermented sugarcane rebm; fermented sugarcane reb m; fermented sugarcane rebaudioside m; sugarcane rebm; sugarcane reb m; rebm de canne fermentee; rebm de canne fermentée,Occasional,
Résorcinol,Résorcinol; resorcinol,Occasional,
ribonucleotides,ribonucleotides; ribonucléotides; ribonucléotides disodiques; disodium ribonucleotides; guanylate; inosinate; e635,Occasional,E635
ribonucléotides calciques,ribonucléotides calciques; calcium ribonucleotides; e634,Occasional,E634
riz précuit,riz précuit; riz precuit; pre-cooked rice; precooked rice; parboiled rice,Occasional,
sirop de ble,sirop de ble; sirop de blé; wheat syrup,Occasional,
sirop de riz,sirop de riz; rice syrup; rice-syrup,Occasional,
SLS (Sodium Lauryl Sulfate),SLS (Sodium Lauryl Sulfate); sls,Occasional,
sodium benzoate,sodium benzoate; benzoate de sodium; e211,Occasional,E211
soja,soja; soy; soya,Occasional,
sorbate de potassium,sorbate de potassium; potassium sorbate; e202,Occasional,E202
stearate de magnesium,stearate de magnesium; stéarate de magnésium; magnesium stearate; e572,Occasional,E572
stevia,stevia; stévia; stevia bio; stévia bio; organic stevia; stevia rebaudiana; extrait de stevia; extrait de stévia; stevia extract; stevia leaf extract; extrait de feuille de stevia; extrait de feuille de stévia; rebaudioside; rebaudioside a; reb-a; steviol glycosides; glycosides de stéviol; glycosides de steviol; e960; Stévia / Steviol glycosides,Occasional,E960
Sucre blanc raffiné,Sucre blanc raffiné; refined-sugar,Occasional,
sucre de canne,sucre de canne; cane sugar; sucre de canne roux; raw cane sugar; sucre roux; brown sugar; sucre brun; sucre blond; turbinado; demerara; sirop de canne; cane syrup; jus de canne; cane juice; jus de canne evapore; jus de canne évaporé; evaporated cane juice; evaporated cane sugar; sucre de canne evapore; sucre de canne évaporé; cane sugar evaporated,Occasional,
sulfite de calcium,sulfite de calcium; calcium sulphite; calcium sulfite; e226,Occasional,E226
sulfite de potassium,sulfite de potassium; potassium sulphite; potassium sulfite; e225,Occasional,E225
sulfite de sodium,sulfite de sodium; sodium sulphite; sodium sulfite; e221,Occasional,E221
tanin ferrique,tanin ferrique; tanins ferriques; iron tannate; e181,Occasional,E181
tarama,tarama; taramasalata,Occasional,
taurine,taurine,Occasional,
thon,thon; tuna,Occasional,
tilapia,tilapia; pangasius,Occasional,
tobiko,tobiko; masago,Occasional,
Toluène,Toluène; toluene,Occasional,
tripolyphosphate,tripolyphosphate; e451; Triphosphates,Occasional,E451
vermicelles de blé,vermicelles de blé; vermicelles de ble; wheat vermicelli,Occasional,
acide citrique,acide citrique; citric acid; e330; acidifiant acide citrique; acidifiant (acide citrique); acidifiant: acide citrique,Approved,E330
Acide tartrique,Acide tartrique; E334,Approved,E334
agar agar,agar agar; agar-agar; e406,Approved,E406
allulose,allulose; tagatose; fruit du moine en poudre; monk fruit extract; inuline de chicoree; inuline de chicorée,Approved,
amande,amande; almond; amandes; almonds,Approved,
avocat,avocat; avocado; olive; olives,Approved,
avoine,avoine; oat; flocons d\,Approved,
beurre,beurre; butter,Approved,
beurre de cacao,beurre de cacao; cocoa butter,Approved,
bicarbonate,bicarbonate; bicarbonate de sodium; sodium bicarbonate; baking soda,Approved,
ble,ble; blé; wheat; grain de blé; grain de ble; wheat grain; blé entier; ble entier; whole wheat; farine de ble; farine de blé; farine complete; farine complète; farine de blé complète; wheat flour; whole wheat flour; whole flour; farine intégrale,Approved,
bœuf,bœuf; boeuf; beef; porc; pork; agneau; lamb; veau; veal; viande hachee; viande hachée; steak hache; steak haché; boeuf hache; bœuf haché; ground beef; ground meat; minced meat; minced beef; hamburger steak; steak; entrecote; entrecôte; bavette; rosbif; rôti de boeuf; roti de boeuf; mouton; mutton; chevre; chèvre; goat; lapin; rabbit; canard; duck; oie; goose; pintade; guinea fowl; caille; quail; pigeon; faisan; pheasant; gibier; venison; cerf; chevreuil; sanglier; wild boar; bison; autruche; ostrich; kangourou; kangaroo,Approved,
cabillaud,cabillaud; morue; cod; lieu; pollock; haddock; eglefin; églefin; merlu; hake; sole; bar; sea bass; loup; dorade; bream; rouget; red mullet; lotte; monkfish; turbot; flétan; fletan; halibut; truite; trout; omble; hareng; herring; esturgeon; sturgeon; merlan; whiting; saint-pierre; john dory,Approved,
cacao,cacao; cocoa; chocolat en poudre; cacao en poudre; cocoa powder,Approved,
cafe,cafe; café; coffee; grains de cafe; grains de café; coffee beans; extrait de cafe; extrait de café; coffee extract,Approved,
cafeine,cafeine; caféine; caffeine; cafeine anhydre; caféine anhydre; anhydrous caffeine; caffeine anhydrous,Approved,
cannelle,cannelle; cinnamon,Approved,
carbonate de calcium,carbonate de calcium; calcium carbonate; e170,Approved,E170
Carbonate de magnésium,Carbonate de magnésium; E504,Approved,E504
carotte,carotte; carrot; carottes; carrots; carotte déshydratée,Approved,
caviar,caviar; oeufs de poisson; œufs de poisson; fish roe; roe; oeufs de saumon; œufs de saumon; salmon roe,Approved,
champignon,champignon; mushroom; champignons; mushrooms; champignon de paris; button mushroom; cremini; portobello; shiitake; maitake; enoki; pleurote; oyster mushroom; girolle; chanterelle; cèpe; cepe; porcini; morille; morel; truffe; truffle,Approved,
chocolat noir,chocolat noir; dark chocolate; chocolat noir 70%; chocolat noir 85%; chocolat 70%; chocolat 85%; dark chocolate 70%; dark chocolate 85%,Approved,
chocolat non sucre,chocolat non sucre; chocolat non sucré; chocolat sans sucre; chocolat sans sucre ajoute; chocolat sans sucre ajouté; chocolat 100%; chocolat 100% cacao; chocolat noir 100%; chocolate 100%; unsweetened chocolate; unsweetened cocoa; unsweetened dark chocolate; baking chocolate; chocolat a patisser; chocolat à pâtisser; chocolat pur cacao; 100% cacao; 100% cocoa; 무가당 초콜릿; 무설탕 초콜릿; 100% 카카오,Approved,
chou-fleur,chou-fleur; cauliflower; chou de bruxelles; brussels sprouts; chou rouge; red cabbage; chou frise; chou frisé; kale; chou kale; pak choi; bok choy; chou chinois; napa cabbage; choucroute; sauerkraut; kimchi; 김치; baechu kimchi; kimchi de chou,Approved,
coriandre,coriandre; cilantro; coriander; persil; parsley; aneth; dill; estragon; tarragon; menthe; mint; menthe poivree; menthe poivrée; peppermint; spearmint; sauge; sage; sarriette; savory; marjolaine; marjoram; laurier; bay leaf; feuille de laurier; verveine; verbena; melisse; mélisse; lemon balm; lavande; lavender; hysope; hyssop; angelique; angélique; livèche; lovage,Approved,
cornichon naturel,cornichon naturel; pickle naturel; légumes lacto-fermentés; lacto-fermented vegetables; kombucha; kvass,Approved,
couscous complet,couscous complet; whole couscous; freekeh; farro; epeautre perlé; orge perlé; pearled barley,Approved,
creme,creme; crème; cream; creme fraiche; crème fraîche,Approved,
crevette,crevette; shrimp; prawn; crevettes; gambas; langoustine; langouste; lobster; homard; crabe; crab; tourteau; araignée de mer; ecrevisse; écrevisse; crayfish; huitre; huître; oyster; oysters; moule; moules; mussel; mussels; palourde; clam; clams; coque; cockle; saint-jacques; coquille saint-jacques; scallop; scallops; bulot; bigorneau; whelk; oursin; sea urchin; poulpe; pieuvre; octopus; calamar; calmar; squid; encornet; seiche; cuttlefish; algue; algues; seaweed; nori; kombu; wakame; dulse; agar,Approved,
curcuma,curcuma; turmeric,Approved,
delta-tocopherol,delta-tocopherol; delta tocopherol; delta-tocophérol; e309,Approved,E309
eau,eau; water; aqua; eau gazeifiee; eau gazéifiée; carbonated water; sparkling water; eau pétillante; eau minérale,Approved,
epeautre,epeautre; épeautre; spelt,Approved,
epinard,epinard; épinard; spinach; brocoli; broccoli; brocoli séché; brocoli sec; chou; chou déshydraté; cabbage,Approved,
erythritol,erythritol; érythritol,Approved,
Extrait de romarin,Extrait de romarin; E392,Approved,E392
fécule de tapioca,fécule de tapioca; fecule de tapioca; amidon de tapioca; tapioca starch; tapioca flour; farine de tapioca,Approved,
ferments lactiques,ferments lactiques; lactic cultures; live cultures; lactobacillus; probiotique; culture bactérienne; cultures bactériennes; bacterial culture; bacterial cultures; cultures actives; active cultures; bifidobacterium; streptococcus thermophilus,Approved,
feta,feta; halloumi; manchego; queso fresco; paneer; labneh; kashkaval; kefalotyri,Approved,
feuille de kaffir,feuille de kaffir; kaffir lime leaf; citronnelle; lemongrass; galanga; galangal; curcuma frais; fresh turmeric; racine de gingembre; ginger root; wasabi; raifort; horseradish; feuille de curry; curry leaf,Approved,
fibre de racine de manioc,fibre de racine de manioc; cassava root fiber; manioc; cassava; tapioca,Approved,
figue,figue; fig; figues; figs; datte; dates; dattes; medjool; datte medjool; raisin sec; raisins secs; sultanines; sultanas; cranberries séchées,Approved,
foie,foie; liver; foie de volaille; rognon; rognons; kidney; cœur; coeur; heart; abats; offal; langue; tongue,Approved,
fraise,fraise; strawberry; myrtille; blueberry; framboise; raspberry,Approved,
fromage,fromage; cheese; fromage blanc,Approved,
fruit,fruit; legume; vegetable,Approved,
Fruit du moine / Monk fruit,Fruit du moine / Monk fruit; monk-fruit,Approved,
gamma-tocopherol,gamma-tocopherol; gamma tocopherol; gamma-tocophérol; e308,Approved,E308
gelée royale,gelée royale; royal jelly; propolis; pollen; pollen frais; bee pollen,Approved,
ghee,ghee; beurre clarifié; beurre clarifie; clarified butter; beurre de baratte; beurre cru; raw butter,Approved,
gingembre,gingembre; ginger,Approved,
ginseng,ginseng; extrait de ginseng; ginseng extract,Approved,
gomme arabique,gomme arabique; arabic gum; acacia gum; e414; Gomme arabique / Acacia,Approved,E414
graines,graines; seeds; mixed seeds; graines melangees; graines mélangées; melange de graines; mélange de graines; assorted seeds; seed mix; graines variees; graines variées,Approved,
graines de chia,graines de chia; chia seeds; chia,Approved,
graines de courge,graines de courge; pumpkin seeds; pepitas; graines de pavot; poppy seeds; graines de fenouil; fennel seeds; graines de cumin; graines de coriandre; coriander seeds; graines de moutarde; mustard seeds; graines de fenugrec; fenugreek seeds; graines de nigelle; nigella seeds; graines de chanvre; hemp seeds,Approved,
graines de lin,graines de lin; flax seeds; lin,Approved,
graines de sesame,graines de sesame; graines de sésame; sesame seeds; sésame,Approved,
graines de tournesol,graines de tournesol; sunflower seeds,Approved,
grenade,grenade; pomegranate; kiwi; kiwis; melon; pasteque; pastèque; watermelon; cantaloup; cantaloupe,Approved,
guarana,guarana; extrait de guarana; guarana extract,Approved,
haricots,haricots; beans; haricot,Approved,
huile de coco,huile de coco; huile de coco vierge; huile de coco extra vierge; huile de noix de coco; huile de noix de coco vierge; coconut oil; virgin coconut oil; extra virgin coconut oil; cold pressed coconut oil; huile de coco pressee a froid; huile de coco pressée à froid; graisse de coco; matiere grasse de coco; matière grasse de coco,Approved,
huile de lin,huile de lin; flaxseed oil; linseed oil,Approved,
huile de noix,huile de noix; walnut oil,Approved,
huile de sesame,huile de sesame; huile de sésame; sesame oil; 참기름; toasted sesame oil,Approved,
inuline,inuline; inuline d\,Approved,
jus de fruits frais,jus de fruits frais; fresh fruit juice; jus pressé; jus pressé à froid; cold-pressed juice; jus de légumes; vegetable juice; smoothie maison,Approved,
kefir,kefir; kéfir; skyr; lassi; ayran; doogh; leben; kumis; koumis; yaourt grec; greek yogurt; yaourt nature; plain yogurt; yaourt bulgare,Approved,
l-theanine,l-theanine; l-théanine; theanine; théanine,Approved,
lait,lait; milk; lait entier; whole milk,Approved,
lait de chevre,lait de chevre; lait de chèvre; goat milk; lait de brebis; sheep milk; lait de bufflonne; buffalo milk; lait cru; raw milk; babeurre; buttermilk,Approved,
lait ecreme,lait ecreme; lait écrémé; skim milk; skimmed milk,Approved,
lentilles,lentilles; lentils,Approved,
levain,levain; sourdough; levain naturel; natural starter; masa harina; nixtamal; tortilla de maïs; corn tortilla; pita maison; pain pita; pain plat; flatbread; naan maison; chapati; roti; injera; lavash; pain au levain,Approved,
levure,levure; yeast; levure seche; levure sèche; dried yeast; levure boulangere; levure boulangère,Approved,
mais déshydraté,mais déshydraté; maïs déshydraté; dried corn; mais; maïs,Approved,
mangue,mangue; mango; ananas; pineapple; papaye; papaya; goyave; guava; fruit de la passion; passion fruit; maracuja; litchi; lychee; longane; longan; ramboutan; rambutan; mangoustan; mangosteen; durian; jacquier; jackfruit; fruit du dragon; dragon fruit; pitaya; carambole; starfruit; kaki; persimmon; corossol; soursop; guanabana; cherimoya; sapote,Approved,
miel,miel; honey,Approved,
monk fruit,monk fruit; luo han guo; fruit du moine,Approved,
mure,mure; mûre; blackberry; cassis; blackcurrant; groseille; currant; redcurrant; cranberry; canneberge; airelle; baie de goji; goji berry; goji; sureau; elderberry; açai; acai,Approved,
noisette,noisette; hazelnut; noisettes; hazelnuts; pate de noisette; pâte de noisette; hazelnut paste,Approved,
noix,noix; nuts; walnuts; noix de cajou; cashew; pistache; pistachio,Approved,
noix de coco,noix de coco; coconut; pulpe de coco; lait de coco; coconut milk; creme de coco; crème de coco; coconut cream; eau de coco; coconut water,Approved,
oeuf,oeuf; oeufs; egg; eggs; œuf; œufs,Approved,
okra,okra; gombo; bamboo; pousses de bambou; bamboo shoots; germes de soja; bean sprouts; pousses de haricot mungo; lotus root; racine de lotus,Approved,
orange,orange; oranges; mandarine; mandarin; clementine; clémentine; tangerine; pamplemousse; grapefruit; pomelo; lime; citron vert; kumquat; yuzu; bergamote; bergamot,Approved,
orge,orge; barley,Approved,
pain complet,pain complet; whole wheat bread; wholemeal bread; whole grain bread; pain integral; pain intégral; pain de seigle; rye bread; pain noir; pumpernickel; pain multicereales; pain multicéréales; multigrain bread; pain aux cereales completes; pain aux céréales complètes; pain epeautre; pain épeautre; spelt bread; pain au levain complet,Approved,
pate de cacao,pate de cacao; pâte de cacao; cocoa mass; chocolate liquor,Approved,
pates completes,pates completes; pâtes complètes; whole wheat pasta; pates de blé entier; pâtes de blé entier; pates au quinoa; pâtes au quinoa; soba; nouilles soba; udon; somen; nouilles de riz; rice noodles,Approved,
peche,peche; pêche; peach; nectarine; abricot; apricot; prune; plum; pruneau; prunes; cerise; cherry; cerises,Approved,
pectine,pectine; pectin; e440,Approved,E440
petits pois,petits pois; green peas; peas; pois mange-tout; snow peas; sugar snap peas; fève; feve; fava beans; broad beans; haricot vert; haricots verts; green beans; string beans; haricot rouge; kidney beans; haricot noir; black beans; haricot blanc; white beans; haricot pinto; pinto beans; flageolet; cannellini; borlotti; azuki; mungo; mung beans; pois cassés; split peas; pois cassés jaunes; yellow split peas; lentilles corail; red lentils; lentilles vertes; lentilles du puy; lentilles noires; beluga lentils,Approved,
plantain,plantain; banane plantain; banana plantain; tamarin; tamarind; tamarillo; physalis; feijoa,Approved,
poireau,poireau; leek; ciboule; cebette; oignon vert; green onion; scallion; spring onion; ciboulette; chives; ail des ours; wild garlic,Approved,
pois chiches,pois chiches; chickpeas; pois chiche; pois secs,Approved,
poivre,poivre; pepper; paprika; extrait de paprika; paprika extract; cumin; origan; oregano; basilic; basil; thym; thyme; romarin; rosemary,Approved,
pomme,pomme; apple; poire; pear; banane; banana; citron; lemon,Approved,
pomme de terre,pomme de terre; potato; patate; patate douce; sweet potato; igname; yam; taro; malanga; topinambour; jerusalem artichoke; panais; parsnip; rutabaga; navet; turnip; radis; radish; daikon; radis noir; betterave; beetroot; beet,Approved,
poudre de céleri,poudre de céleri; celery powder; céleri; celery; celeri-rave; céleri-rave; celeriac; fenouil; fennel; asperge; asparagus; artichaut; artichoke; cardon; cardoon; bette; blette; swiss chard; silverbeet,Approved,
poulet,poulet; chicken; volaille; poultry; dinde; turkey; canard; duck,Approved,
quinoa,quinoa,Approved,
raisin,raisin; grape; raisins; grapes,Approved,
rhubarbe,rhubarbe; rhubarb; coing; quince; mirabelle; reine claude; reine-claude; griotte,Approved,
ricotta,ricotta; mozzarella; parmesan; parmigiano; pecorino; grana padano; mascarpone; gorgonzola; taleggio; asiago; provolone; burrata; stracciatella; scamorza,Approved,
riz,riz; rice; riz complet; brown rice; vermicelles de riz,Approved,
riz basmati,riz basmati; basmati rice; riz jasmin; jasmine rice; riz arborio; arborio rice; riz noir; black rice; riz rouge; red rice; riz sauvage; wild rice; riz thai; thai rice,Approved,
sarrasin,sarrasin; buckwheat,Approved,
saumon sauvage,saumon sauvage; wild salmon; saumon coho; coho; saumon sockeye; sockeye; saumon rouge; saumon keta; keta; chum salmon; saumon rose; pink salmon; saumon quinnat; king salmon; chinook; saumon atlantique sauvage; wild atlantic salmon; saumon; salmon; sardine; sardines; maquereau; mackerel; anchois; anchovy,Approved,
sirop de yacon,sirop de yacon; yacon syrup; sirop de dattes; date syrup,Approved,
spiruline,spiruline; spirulina; spirulina extract; extrait de spiruline,Approved,
stevia leaf,stevia leaf; feuilles de stevia; feuilles de stévia; stévia entière; stevia entiere; poudre de stévia; poudre de stevia,Approved,
sucre de canne complet,sucre de canne complet; rapadura; panela; muscovado; sucanat; jaggery; gur; sucre de palme; palm sugar; mélasse; melasse; molasses; mélasse noire; blackstrap molasses; sirop de sorgho; sorghum syrup,Approved,
sucre de coco,sucre de coco; coconut sugar; sucre de fleur de coco; coconut flower sugar,Approved,
sucre de datte,sucre de datte; sucre de dattes; date sugar,Approved,
tahini,tahini; humus maison; hummus; baba ganoush; tzatziki; guacamole; salsa verde; romesco; aioli; aïoli,Approved,
the noir,the noir; thé noir; black tea; rooibos,Approved,
the vert,the vert; thé vert; green tea; extrait de the vert; extrait de thé vert,Approved,
theine,theine; théine; theobromine; théobromine,Approved,
tofu,tofu; edamame; feve de soya; fève de soya; soya bean; soybean whole; graines de soja entieres; graines de soja entières,Approved,
tomate,tomate; tomato; tomates; tomatoes; concentre de tomate; concentré de tomate; tomato paste; puree de tomate; purée de tomate; poudre de tomate; tomato powder; tomates séchées au soleil; sun dried tomatoes,Approved,
vanille,vanille; vanilla; extrait de vanille; vanilla extract; gousse de vanille,Approved,
viande rouge,viande rouge; red meat; viande-rouge,Approved,
vinaigre,vinaigre; vinegar; vinaigre de cidre; vinaigre de cidre de pomme; apple cider vinegar; vinaigre balsamique; vinaigre de vin,Approved,
vinaigre de riz,vinaigre de riz; rice vinegar; vinaigre de xeres; vinaigre de xérès; sherry vinegar; vinaigre de framboise; raspberry vinegar; vinaigre de noix de coco; coconut vinegar; vinaigre de malt; malt vinegar; vinaigre de champagne,Approved,
vitamine c,vitamine c; acide ascorbique; ascorbic acid; e300; Acide ascorbique / Vitamine C,Approved,E300
Vitamine E naturelle (tocophérol),Vitamine E naturelle (tocophérol); E306,Approved,E306
whey,whey; lactoserum; lactosérum; petit-lait; petit lait; whey protein; proteine de lactoserum; protéine de lactosérum; proteine de petit-lait,Approved,
xylitol,xylitol,Approved,
yaourt,yaourt; yogurt; yoghurt,Approved,
간장,간장; 양조간장; ganjang; yangjo ganjang; korean soy sauce,Approved,
고춧가루,고춧가루; 고추가루; gochugaru; piment coreen en poudre; piment coréen en poudre; korean chili powder; korean red pepper powder,Approved,
국간장,국간장; 조선간장; 집간장; gukganjang; guk-ganjang; joseon ganjang; sauce soja de soupe coreenne; soup soy sauce; korean soup soy sauce,Approved,
된장,된장; doenjang; pate de soja fermentee coreenne; pâte de soja fermentée coréenne; fermented soybean paste,Approved,
들기름,들기름; huile de perilla coreenne; perilla oil korean,Approved,
메주,메주; meju,Approved,
미숫가루,미숫가루; misugaru; misutgaru; poudre de cereales grillees; roasted grain powder,Approved,
쌈장,쌈장; ssamjang,Approved,
액젓,액젓; 멸치액젓; 까나리액젓; aekjeot; myeolchi aekjeot; sauce de poisson coreenne; korean fish sauce,Approved,
젓갈,젓갈; 새우젓; 명란젓; jeotgal; saeujeot; myeongnanjeot; fruits de mer fermentes coreens; salted fermented seafood,Approved,
청국장,청국장; cheonggukjang,Approved,